alphabetical_marker,LN
above,
across,
against,
along,
alongside,
amid,
amidst,
among,
around,
at,
atop,
back of (in the),back
back of (in),back
before,
behind,
below,
beneath,
between,
bottom of (on the),bottom
by,
down,
east of,east
front of (in the),front
front of (in),front
in,
inside,
left of,left
left of (on the),left
left of (to the),left
middle of (in the),middle
near,
next to,
north of,north
off,
on,
out of,
outside of,
over,
right of,right
right of (on the),right
right of (to the),right
south of,south
top of (on the),top
top of (on),top
toward,
towards,
under,
underneath,
west of,west
with,
,
,
















,
,
,













,

